,open,high,low,close,volume,datetime
0,275.93,278.01,275.26,277.9,86491406,1519624800000
1,278.11,278.92,274.36,274.43,99099165,1519711200000
2,275.68,276.19,271.29,271.65,121907767,1519797600000
3,271.41,273.17,266.0,267.7,176855080,1519884000000
4,265.8,269.72,264.82,269.08,139083220,1519970400000
5,267.73,272.89,267.61,272.19,97307387,1520229600000
6,273.3,273.39,271.18,272.88,79213163,1520316000000
7,270.42,273.18,270.2,272.78,87063502,1520402400000
8,273.55,274.24,272.42,274.1,66901150,1520488800000
9,275.7,278.87,275.34,278.87,113625335,1520575200000
10,279.2,279.91,278.0801,278.52,71924793,1520830800000
11,279.84,280.41,276.03,276.72,91968937,1520917200000
12,277.81,278.02,274.67,275.3,105895079,1521003600000
13,275.88,276.61,274.43,275.0,83433038,1521090000000
14,274.5,275.39,274.14,274.2,100343673,1521176400000
15,273.35,274.3957,268.62,270.49,109208442,1521435600000
16,270.94,271.67,270.18,270.95,59757271,1521522000000
17,270.9,273.27,270.19,270.43,78709578,1521608400000
18,267.91,268.87,263.36,263.67,148785920,1521694800000
19,264.17,265.02,257.83,258.05,183534750,1521781200000
20,262.13,265.43,259.41,265.11,141956100,1522040400000
21,266.17,266.77,258.84,260.6,129941445,1522126800000
22,260.75,262.64,258.58,259.83,146452310,1522213200000
23,261.12,265.26,259.8389,263.15,124244790,1522299600000
24,262.55,263.13,254.67,257.47,186286340,1522645200000
25,258.87,261.31,256.84,260.77,119956861,1522731600000
26,256.75,264.355,256.6,263.56,123715339,1522818000000
27,265.55,266.64,264.32,265.64,82652618,1522904400000
28,263.42,265.11,258.0,259.72,179521210,1522990800000
29,261.37,264.84,259.9356,261.0,105442932,1523250000000
30,264.27,266.04,262.98,265.15,105573736,1523336400000
31,263.47,265.64,263.39,263.76,91140243,1523422800000
32,265.26,267.0,265.06,265.93,68890480,1523509200000
33,267.41,267.54,264.01,265.15,85079176,1523595600000
34,267.0,268.2,266.07,267.33,63405287,1523854800000
35,269.33,270.87,268.75,270.19,64682036,1523941200000
36,270.69,271.3,269.87,270.39,57303857,1524027600000
37,269.65,269.88,267.72,268.89,77655909,1524114000000
38,268.81,269.06,265.61,266.61,99953133,1524200400000
39,267.26,267.89,265.35,266.57,65557954,1524459600000
40,267.73,267.9762,261.28,262.98,112885452,1524546000000
41,262.91,264.13,260.85,263.63,103840948,1524632400000
42,264.79,267.2452,264.29,266.31,67731942,1524718800000
43,267.0,267.34,265.5,266.56,57053647,1524805200000
44,267.26,267.89,264.43,264.51,82182324,1525064400000
45,263.87,265.1,262.11,264.98,74203365,1525150800000
46,264.76,265.68,262.76,263.2,86368943,1525237200000
47,262.26,263.36,259.05,262.62,136311480,1525323600000
48,261.52,266.7892,261.15,266.02,91222075,1525410000000
49,266.89,268.02,266.11,266.92,55304907,1525669200000
50,266.5,267.325,265.15,266.92,67499247,1525755600000
51,267.68,269.865,267.09,269.5,59666143,1525842000000
52,270.34,272.39,270.22,272.02,72063931,1525928400000
53,272.16,273.15,271.58,272.85,59871511,1526014800000
54,273.34,274.08,272.36,272.98,54790606,1526274000000
55,271.59,271.61,270.03,271.1,87036136,1526360400000
56,271.14,272.76,271.11,272.24,53942631,1526446800000
57,271.94,273.23,271.13,272.01,56536400,1526533200000
58,271.62,272.03,270.93,271.33,64367959,1526619600000
59,273.01,273.98,271.3512,273.37,58025875,1526878800000
60,273.96,274.25,272.24,272.61,52966358,1526965200000
61,271.17,273.39,270.99,273.36,64694184,1527051600000
62,272.91,273.22,270.78,272.8,76043827,1527138000000
63,272.15,272.86,271.58,272.15,56374755,1527224400000
64,270.31,271.17,267.76,269.02,115908607,1527570000000
65,270.5,273.11,270.42,272.61,69678449,1527656400000
66,272.15,272.49,270.255,270.94,93519941,1527742800000
67,272.41,273.94,272.33,273.6,71258411,1527829200000
68,274.53,275.185,274.26,274.9,45385166,1528088400000
69,275.05,275.53,274.18,275.1,51135038,1528174800000
70,275.79,277.52,275.09,277.4,62732215,1528261200000
71,277.95,278.28,276.34,277.37,72969402,1528347600000
72,276.85,278.25,276.66,278.19,72139719,1528434000000
73,278.44,279.37,278.31,278.56,58892515,1528693200000
74,279.03,279.33,278.19,278.92,72329028,1528779600000
75,279.19,279.48,277.8,278.03,79070610,1528866000000
76,279.01,279.33,278.0599,278.73,77097620,1528952400000
77,276.6,277.51,275.35,277.13,120041562,1529038800000
78,275.49,276.7,274.95,276.56,52917581,1529298000000
79,274.0,275.75,273.53,275.5,97531510,1529384400000
80,276.27,276.72,275.59,275.97,53785486,1529470800000
81,275.96,275.98,273.68,274.24,71061404,1529557200000
82,275.66,275.785,274.49,274.74,56612003,1529643600000
83,273.44,273.6162,269.1,271.0,137854160,1529902800000
84,271.64,272.56,270.79,271.6,68683211,1529989200000
85,272.26,273.865,269.18,269.35,105110674,1530075600000
86,269.29,271.75,268.49,270.89,76650517,1530162000000
87,272.12,273.66,271.1495,271.28,97592499,1530248400000
88,269.51,272.04,269.24,271.86,63554774,1530507600000
89,272.87,272.98,270.42,270.9,42187071,1530594000000
90,272.17,273.18,270.96,273.11,56925919,1530766800000
91,273.14,275.84,272.715,275.42,66493696,1530853200000
92,276.55,277.96,276.5,277.9,50550399,1531112400000
93,278.41,279.01,278.08,278.9,51966829,1531198800000
94,277.15,278.04,276.52,276.86,77054739,1531285200000
95,278.28,279.43,277.6,279.37,60124687,1531371600000
96,279.17,279.93,278.66,279.59,48234964,1531458000000
97,279.64,279.803,278.84,279.34,48201038,1531717200000
98,278.47,280.91,278.41,280.47,52315500,1531803600000
99,280.56,281.18,280.06,281.06,44593465,1531890000000
100,280.31,280.74,279.46,280.0,61412117,1531976400000
101,279.77,280.48,279.5,279.68,82372729,1532062800000
102,279.45,280.43,279.06,280.2,47047565,1532322000000
103,281.79,282.56,280.63,281.61,68026935,1532408400000
104,281.33,284.37,281.28,284.01,78882927,1532494800000
105,283.2,284.11,283.09,283.34,57919495,1532581200000
106,283.71,283.82,280.38,281.42,76783177,1532667600000
107,281.51,281.69,279.36,279.95,63742508,1532926800000
108,280.81,282.02,280.38,281.33,68570493,1533013200000
109,281.56,282.13,280.1315,280.86,53853326,1533099600000
110,279.39,282.58,279.16,282.39,63426363,1533186000000
111,282.53,283.6577,282.33,283.6,53935386,1533272400000
112,283.64,284.99,283.2015,284.64,39400887,1533531600000
113,285.39,286.01,285.24,285.58,43196646,1533618000000
114,285.39,285.91,284.94,285.46,42114551,1533704400000
115,285.53,285.97,284.915,285.07,35716976,1533790800000
116,283.45,284.055,282.36,283.16,77076044,1533877200000
117,283.47,284.16,281.77,282.1,65732909,1534136400000
118,282.92,284.17,282.4833,283.9,43842031,1534222800000
119,282.38,282.54,280.16,281.78,102925355,1534309200000
120,283.4,285.04,283.36,284.06,69967919,1534395600000
121,283.83,285.5601,283.37,285.06,65618481,1534482000000
122,285.57,285.97,285.06,285.67,39807490,1534741200000
123,286.25,287.31,285.7135,286.34,67271983,1534827600000
124,285.88,286.76,285.575,286.17,44993333,1534914000000
125,285.97,286.94,285.43,285.79,49204851,1535000400000
126,286.44,287.67,286.38,287.51,57487399,1535086800000
127,288.86,289.9,288.68,289.78,57072377,1535346000000
128,290.3,290.4175,289.4,289.92,46943472,1535432400000
129,290.16,291.74,289.8854,291.48,61485514,1535518800000
130,290.94,291.36,289.63,290.3,61229501,1535605200000
131,289.84,290.81,289.29,290.31,66140838,1535691600000
132,289.84,290.21,288.68,289.81,57594367,1536037200000
133,289.41,289.64,287.89,289.03,72452437,1536123600000
134,289.15,289.49,287.0,288.16,65909863,1536210000000
135,286.98,288.7,286.71,287.6,73524824,1536296400000
136,288.74,289.04,287.88,288.1,50210903,1536555600000
137,287.37,289.55,286.975,289.05,50530492,1536642000000
138,289.06,289.8,288.23,289.12,59810758,1536728400000
139,290.32,291.0384,289.995,290.83,51034222,1536814800000
140,291.06,291.27,290.0,290.88,55079875,1536901200000
141,290.82,290.86,289.03,289.34,68244043,1537160400000
142,289.58,291.58,289.55,290.91,61930407,1537246800000
143,290.97,291.69,290.825,291.22,49080562,1537333200000
144,292.64,293.94,291.2363,293.58,100360646,1537419600000
145,293.09,293.22,291.81,291.99,105479656,1537506000000
146,291.34,291.5,290.37,291.02,53409645,1537765200000
147,291.53,291.65,290.4833,290.75,44370037,1537851600000
148,290.91,292.24,289.41,289.88,79739674,1537938000000
149,290.41,291.91,290.1,290.69,59249455,1538024400000
150,289.99,291.28,289.95,290.72,70091385,1538110800000
151,292.11,292.93,290.98,291.73,62078937,1538370000000
152,291.56,292.355,291.14,291.56,47258227,1538456400000
153,292.74,293.21,291.32,291.72,64694594,1538542800000
154,291.18,291.24,287.66,289.44,111545910,1538629200000
155,289.69,290.27,286.22,287.82,105951698,1538715600000
156,287.05,288.22,285.5,287.82,87742172,1538974800000
157,287.39,288.86,286.77,287.4,74338982,1539061200000
158,286.83,286.91,277.88,278.3,214731040,1539147600000
159,277.08,278.9,270.36,272.17,274840490,1539234000000
160,276.77,277.09,272.37,275.95,183186490,1539320400000
161,275.55,277.04,274.3,274.4,102263717,1539579600000
162,276.6,280.82,276.07,280.4,118255834,1539666000000
163,280.44,281.15,277.56,280.45,110625987,1539752400000
164,279.4,280.07,274.97,276.4,134557530,1539838800000
165,277.13,279.3,275.47,276.25,139901630,1539925200000
166,277.0,277.36,274.41,275.01,82415812,1540184400000
167,270.95,274.87,268.61,273.61,146352720,1540270800000
168,273.33,273.76,264.7,265.32,177806700,1540357200000
169,267.38,271.81,266.23,270.08,138061550,1540443600000
170,265.92,271.0,262.29,265.33,201574600,1540530000000
171,268.8,270.25,259.85,263.86,160749100,1540789200000
172,263.67,268.12,263.12,267.77,157116000,1540875600000
173,270.65,273.23,270.12,270.63,128296325,1540962000000
174,271.6,273.73,270.38,273.51,99495037,1541048400000
175,274.75,275.23,269.59,271.89,122627239,1541134800000
176,272.44,274.01,271.35,273.39,65622482,1541397600000
177,273.32,275.3,273.25,275.12,60085894,1541484000000
178,277.56,281.1,277.08,281.01,102752099,1541570400000
179,280.11,281.22,279.22,280.5,65584886,1541656800000
180,279.03,279.24,276.18,277.76,98812561,1541743200000
181,277.19,277.46,271.99,272.57,99673574,1542002400000
182,273.09,275.325,271.25,272.06,98176610,1542088800000
183,274.16,274.61,268.45,270.2,125335931,1542175200000
184,268.78,273.54,267.0102,273.02,135101440,1542261600000
185,271.79,274.75,271.21,273.73,126668040,1542348000000
186,273.05,273.38,268.07,269.1,103061706,1542607200000
187,265.36,267.0,263.15,264.12,136021310,1542693600000
188,265.86,267.15,265.01,265.02,75563743,1542780000000
189,263.18,264.8234,263.07,263.25,42807878,1542952800000
190,265.78,267.75,265.34,267.5,79981362,1543212000000
191,266.34,268.4,265.66,268.4,75502441,1543298400000
192,269.6,274.58,268.3272,274.58,127629633,1543384800000
193,273.71,275.55,272.43,273.98,82346420,1543471200000
194,273.81,276.28,273.45,275.65,98204190,1543557600000
195,280.28,280.4,277.505,279.3,103017719,1543816800000
196,278.37,278.85,269.9,270.25,177986010,1543903200000
197,265.92,269.97,262.44,269.84,204185410,1544076000000
198,269.46,271.22,262.63,263.57,161018920,1544162400000
199,263.37,265.1613,258.62,264.07,151445890,1544421600000
200,267.66,267.87,262.48,264.13,121504431,1544508000000
201,267.47,269.0,265.37,265.46,97976706,1544594400000
202,266.52,267.49,264.12,265.37,96662717,1544680800000
203,262.96,264.03,259.85,260.47,116961071,1544767200000
204,259.4,260.65,253.525,255.36,165492260,1545026400000
205,257.2,257.95,253.28,255.08,134515090,1545112800000
206,255.17,259.4,249.35,251.26,214992760,1545199200000
207,249.86,251.62,244.65,247.17,252053380,1545285600000
208,246.74,249.71,239.98,240.7,255345630,1545372000000
209,239.04,240.8355,234.27,234.34,147311590,1545631200000
210,235.97,246.18,233.76,246.18,218485360,1545804000000
211,242.57,248.29,238.96,248.07,186267340,1545890400000
212,249.58,251.4,246.45,247.75,153100190,1545976800000
213,249.56,250.19,247.47,249.92,144299370,1546236000000
214,245.98,251.21,245.95,250.18,126925199,1546408800000
215,248.23,248.57,243.67,244.21,144140690,1546495200000
216,247.59,253.11,247.17,252.39,142628830,1546581600000
217,252.69,255.95,251.69,254.38,103139100,1546840800000
218,256.82,257.31,254.0,256.77,102512587,1546927200000
219,257.56,258.91,256.19,257.97,95006554,1547013600000
220,256.26,259.16,255.5,258.88,96823923,1547100000000
221,257.68,259.0098,257.03,258.98,73858110,1547186400000
222,256.86,258.3,256.41,257.4,70908227,1547445600000
223,257.82,260.7,257.81,260.35,85208271,1547532000000
224,260.83,261.9666,260.6,260.98,77636710,1547618400000
225,260.01,263.92,259.96,262.96,96118435,1547704800000
226,264.98,266.98,264.1,266.46,127900303,1547791200000
227,264.82,265.06,261.06,262.86,115531183,1548136800000
228,264.01,264.79,260.66,263.41,86030287,1548223200000
229,263.21,264.2,262.08,263.55,59204139,1548309600000
230,265.61,266.7,263.6595,265.78,96883358,1548396000000
231,263.39,263.83,261.79,263.76,85613655,1548655200000
232,263.92,264.55,262.48,263.41,66136334,1548741600000
233,265.1,268.52,264.25,267.58,92473671,1548828000000
234,267.51,270.47,267.27,269.93,104012073,1548914400000
235,270.15,271.2,269.18,270.06,85782524,1549000800000
236,270.11,272.03,269.36,271.96,60744844,1549260000000
237,272.44,273.44,271.88,273.1,79552774,1549346400000
238,272.79,273.34,271.92,272.74,58347791,1549432800000
239,270.94,271.55,268.29,270.14,95481961,1549519200000
240,268.75,270.58,267.83,270.47,75788861,1549605600000
241,271.2,271.49,270.03,270.62,68021423,1549864800000
242,272.42,274.52,272.34,274.1,72270221,1549951200000
243,275.03,275.93,274.56,274.99,65277204,1550037600000
244,273.78,275.64,272.87,274.38,83234396,1550124000000
245,276.36,277.41,276.13,277.37,97088659,1550210400000
246,276.4813,278.58,276.47,277.85,59120804,1550556000000
247,277.81,278.92,277.25,278.41,76610767,1550642400000
248,277.7,278.1,276.345,277.42,64214727,1550728800000
249,278.11,279.36,277.4029,279.14,78114616,1550815200000
250,280.73,281.31,279.43,279.52,69030699,1551074400000
251,279.13,280.3,278.9,279.32,56844101,1551160800000
252,278.52,279.59,277.48,279.2,56921570,1551247200000
253,278.96,279.45,278.32,278.68,69268293,1551333600000
254,280.44,280.88,278.82,280.42,78880548,1551420000000
255,281.6,281.87,276.84,279.4,106494637,1551679200000
256,279.54,279.76,278.41,279.02,59114559,1551765600000
257,279.15,279.16,276.97,277.33,75039771,1551852000000
258,276.83,276.99,274.07,275.01,94885089,1551938400000
259,272.94,274.65,272.42,274.46,85795799,1552024800000
260,275.26,278.62,275.23,278.44,65098897,1552280400000
261,279.06,280.07,278.85,279.49,79667530,1552366800000
262,280.48,282.38,280.3,281.34,80639153,1552453200000
263,281.37,281.84,280.6662,281.16,67518366,1552539600000
264,280.54,282.21,280.33,281.31,81308979,1552626000000
265,281.55,282.66,281.3,282.33,62199806,1552885200000
266,283.51,284.36,281.41,282.4,90268121,1552971600000
267,282.16,283.5,280.32,281.55,84609210,1553058000000
268,280.64,285.18,280.59,284.73,79550375,1553144400000
269,283.22,283.8034,279.18,279.25,122589646,1553230800000
270,278.87,280.1853,277.64,279.04,85575197,1553490000000
271,280.99,282.18,279.56,281.12,68125920,1553576400000
272,281.11,281.76,277.93,279.65,72224722,1553662800000
273,280.35,281.21,279.07,280.71,56238545,1553749200000
274,282.39,282.84,281.14,282.48,82186806,1553835600000
275,284.7,286.16,284.4,285.83,77617945,1554094800000
276,286.04,286.23,285.09,285.97,40070351,1554181200000
277,287.32,287.76,285.75,286.42,68243202,1554267600000
278,286.78,287.459,286.01,287.18,48997505,1554354000000
279,287.92,288.63,287.6,288.57,58621729,1554440400000
280,288.1,288.91,287.37,288.79,53566335,1554699600000
281,287.72,288.08,286.7,287.31,66142316,1554786000000
282,287.77,288.3899,287.31,288.29,52601499,1554872400000
283,288.83,288.84,287.578,288.21,55093100,1554958800000
284,290.0,290.47,288.261,290.16,69727782,1555045200000
285,290.24,290.35,289.075,289.97,49596685,1555304400000
286,290.95,291.01,289.5,290.16,52153197,1555390800000
287,291.4,291.425,288.99,289.45,58268295,1555477200000
288,290.1,290.32,288.66,290.02,68708513,1555563600000
289,289.17,290.435,289.07,290.27,40160140,1555909200000
290,290.68,293.14,290.42,292.88,52246633,1555995600000
291,292.79,293.16,292.07,292.23,50392914,1556082000000
292,292.12,292.78,290.73,292.05,57770862,1556168400000
293,292.1,293.49,291.2401,293.41,50916423,1556254800000
294,293.51,294.45,293.41,293.87,57197747,1556514000000
295,293.49,294.34,291.92,294.02,81111733,1556600400000
296,294.72,294.95,291.8,291.81,71671870,1556686800000
297,291.68,292.7,289.52,291.18,65030170,1556773200000
298,292.82,294.34,291.2998,294.03,56543653,1556859600000
299,289.25,293.31,288.9,292.82,107198069,1557118800000
300,290.15,290.81,285.81,287.93,144729910,1557205200000
301,287.53,289.43,286.87,287.53,91568287,1557291600000
302,285.23,287.33,283.3,286.66,103471104,1557378000000
303,285.62,288.94,282.3,288.1,112429293,1557464400000
304,282.42,283.49,279.93,280.86,127290527,1557723600000
305,281.99,285.1,281.85,283.4,77003230,1557810000000
306,281.59,285.77,281.36,285.06,73956407,1557896400000
307,285.84,289.21,285.76,287.7,76749643,1557982800000
308,285.14,288.6,285.1207,285.84,100353024,1558069200000
309,284.06,285.43,283.12,283.95,62877610,1558328400000
310,285.83,286.93,285.55,286.51,46847085,1558414800000
311,285.45,286.69,285.1,285.63,49482472,1558501200000
312,283.16,283.21,280.57,282.14,98733847,1558587600000
313,283.74,284.2,282.09,282.78,55268095,1558674000000
314,283.09,284.15,280.13,280.15,70029356,1559019600000
315,278.91,279.36,276.71,278.27,104972927,1559106000000
316,279.11,280.04,277.805,279.03,62523780,1559192400000
317,276.2,277.12,275.24,275.27,86862782,1559278800000
318,275.31,276.5521,273.09,274.57,96427952,1559538000000
319,277.12,280.68,276.62,280.53,77231889,1559624400000
320,282.33,282.99,280.32,282.96,71169717,1559710800000
321,283.29,285.55,282.57,284.8,69430381,1559797200000
322,285.93,288.85,285.74,287.65,74272199,1559883600000
323,289.37,290.82,288.8734,288.97,60799053,1560142800000
324,290.99,291.4,288.1805,288.9,58641325,1560229200000
325,288.64,289.26,287.815,288.39,47096312,1560315600000
326,289.4,289.98,288.62,289.58,48945156,1560402000000
327,289.26,289.93,288.41,289.26,52324716,1560488400000
328,289.52,290.22,289.18,289.37,39205709,1560747600000
329,291.39,293.57,290.99,292.4,85434823,1560834000000
330,292.55,293.65,291.47,293.06,78674377,1560920400000
331,296.04,296.3093,293.1255,295.86,116570017,1561006800000
332,294.13,295.52,293.76,294.0,83309466,1561093200000
333,294.23,294.58,293.47,293.64,47582730,1561352400000
334,293.7,293.73,290.64,290.76,82028656,1561438800000
335,291.75,292.31,290.345,290.47,51584902,1561525200000
336,291.31,292.06,290.89,291.5,40355239,1561611600000
337,292.58,293.55,292.01,293.0,59350929,1561698000000
338,296.68,296.92,294.33,295.66,79107474,1561957200000
339,295.61,296.49,294.68,296.43,61504544,1562043600000
340,297.18,298.82,297.02,298.8,40898896,1562130000000
341,297.44,298.64,296.01,298.46,51677326,1562302800000
342,297.01,298.2579,296.22,296.82,45841772,1562562000000
343,295.54,297.52,295.48,297.19,41101279,1562648400000
344,298.37,299.66,297.78,298.61,58595558,1562734800000
345,299.32,299.58,298.2,299.31,50889481,1562821200000
346,299.85,300.73,299.51,300.65,40354410,1562907600000
347,301.13,301.13,300.19,300.75,33910261,1563166800000
348,300.65,300.88,299.44,299.71,40567964,1563253200000
349,299.75,299.93,297.74,297.74,44102443,1563339600000
350,297.19,299.25,296.7,298.83,51701687,1563426000000
351,300.04,300.07,296.96,297.17,71081238,1563512400000
352,297.61,298.5,297.04,297.9,43687404,1563771600000
353,299.14,300.03,298.22,300.03,44657973,1563858000000
354,299.19,301.44,299.09,301.44,47213232,1563944400000
355,300.94,301.0,299.11,300.0,55394092,1564030800000
356,300.76,302.23,300.62,302.01,45084077,1564117200000
357,301.88,301.93,300.85,301.46,38126462,1564376400000
358,299.91,301.17,299.49,300.72,45849045,1564462800000
359,300.99,301.2,295.2,297.43,104245162,1564549200000
360,297.6,300.87,293.96,294.84,142646580,1564635600000
361,293.85,294.12,290.9,292.62,116749695,1564722000000
362,288.09,288.21,281.72,283.82,178745450,1564981200000
363,285.91,288.04,284.28,287.8,120711682,1565067600000
364,284.4,288.82,282.04,287.97,140572270,1565154000000
365,289.62,293.62,289.01,293.62,87713904,1565240400000
366,292.58,293.24,289.65,291.62,93729958,1565326800000
367,289.96,291.6052,287.02,288.07,65527632,1565586000000
368,287.74,294.15,287.36,292.55,94792972,1565672400000
369,288.07,288.74,283.76,283.9,135622053,1565758800000
370,284.88,285.64,282.39,284.65,101929845,1565845200000
371,286.48,289.33,284.7138,288.85,85825286,1565931600000
372,292.19,293.08,291.44,292.33,53640153,1566190800000
373,291.77,292.36,289.95,290.09,51652752,1566277200000
374,292.48,292.86,291.72,292.45,49723430,1566363600000
375,293.23,293.93,290.4,292.36,51739292,1566450000000
376,290.92,292.76,283.47,284.85,149318150,1566536400000
377,287.27,288.0,285.58,288.0,72620598,1566795600000
378,289.54,289.95,286.03,286.87,68262998,1566882000000
379,286.14,289.07,285.25,288.89,59852324,1566968400000
380,291.72,293.16,290.61,292.58,57998913,1567054800000
381,294.22,294.2399,291.42,292.45,62961780,1567141200000
382,290.57,291.58,289.27,290.74,69231875,1567486800000
383,293.14,294.055,292.31,294.04,47003957,1567573200000
384,296.79,298.83,294.001,297.82,83356779,1567659600000
385,298.17,298.76,297.42,298.05,49584290,1567746000000
386,299.14,299.24,297.16,298.2,51260290,1568005200000
387,297.36,298.2,295.97,298.13,57947101,1568091600000
388,298.47,300.34,297.75,300.25,68821066,1568178000000
389,301.25,302.46,300.41,301.29,72908745,1568264400000
390,301.78,302.17,300.68,301.09,62104838,1568350800000
391,299.84,301.1378,299.45,300.16,58191175,1568610000000
392,299.94,301.02,299.75,300.92,42904427,1568696400000
393,300.49,301.22,298.24,301.1,74192091,1568782800000
394,301.53,302.63,300.7103,301.08,78099215,1568869200000
395,300.36,300.67,297.41,298.28,97455979,1568955600000
396,297.55,299.0,297.27,298.21,47541321,1569214800000
397,299.41,299.84,294.81,295.87,97367568,1569301200000
398,295.96,298.11,294.33,297.62,73434081,1569387600000
399,297.63,297.86,295.45,297.0,58722357,1569474000000
400,297.83,297.9465,293.69,295.4,84781110,1569560400000
401,295.97,297.55,295.92,296.77,52562761,1569819600000
402,297.74,298.455,293.0,293.24,89900420,1569906000000
403,291.5,291.51,286.64,288.06,124523974,1569992400000
404,287.81,290.45,284.82,290.42,85906799,1570078800000
405,291.14,294.63,290.82,294.35,66700681,1570165200000
406,293.47,295.26,292.77,293.08,60656561,1570424400000
407,291.04,291.85,288.49,288.53,101575470,1570510800000
408,290.75,292.3,288.6559,291.27,65707329,1570597200000
409,291.18,294.21,291.0,293.24,57255974,1570683600000
410,296.27,298.74,296.1448,296.28,101228577,1570770000000
411,295.93,296.67,295.57,295.95,40546668,1571029200000
412,297.1,299.7,296.97,298.88,47832356,1571115600000
413,298.37,299.16,297.92,298.4,50563596,1571202000000
414,299.68,300.24,298.515,299.28,46784885,1571288400000
415,298.69,299.395,296.99,297.97,64338028,1571374800000
416,299.42,300.21,298.935,299.99,39460901,1571634000000
417,300.58,300.9,298.91,299.01,49126038,1571720400000
418,298.73,299.94,298.495,299.88,34991829,1571806800000
419,300.91,301.07,299.4601,300.37,35857459,1571893200000
420,299.74,302.2,299.6806,301.6,45205412,1571979600000
421,302.94,303.85,302.91,303.3,42146965,1572238800000
422,303.0,304.23,302.86,303.21,44284921,1572325200000
423,303.43,304.55,301.99,304.14,49643928,1572411600000
424,304.13,304.13,301.73,303.33,69053791,1572498000000
425,304.92,306.19,304.74,306.14,71141515,1572584400000
426,307.85,308.0,306.96,307.37,60606916,1572847200000
427,307.59,307.9195,306.71,307.03,42933219,1572933600000
428,307.03,307.4,306.06,307.1,46487108,1573020000000
429,308.57,309.65,307.66,308.18,54272274,1573106400000
430,307.8,309.0036,307.03,308.94,49068797,1573192800000
431,307.42,308.54,307.27,308.35,35934909,1573452000000
432,308.75,309.99,308.15,309.0,46484624,1573538400000
433,307.91,309.54,307.66,309.1,54459018,1573624800000
434,308.79,309.64,308.09,309.55,52001874,1573711200000
435,311.02,311.84,310.26,311.79,62706192,1573797600000
436,311.53,312.28,311.03,312.02,49327980,1574056800000
437,312.68,312.69,311.22,311.93,67927818,1574143200000
438,311.28,311.85,309.06,310.77,79696276,1574229600000
439,310.89,311.01,309.39,310.27,54664690,1574316000000
440,311.09,311.24,309.85,310.96,44850228,1574402400000
441,311.98,313.37,311.98,313.37,48762676,1574661600000
442,313.41,314.28,313.06,314.08,37727953,1574748000000
443,314.61,315.48,314.37,315.48,44793179,1574834400000
444,314.86,315.13,314.06,314.31,36592740,1575007200000
445,314.59,314.66,311.17,311.64,76110027,1575266400000
446,308.65,309.64,307.13,309.55,75172709,1575352800000
447,310.7,312.12,310.32,311.46,49190402,1575439200000
448,312.23,312.25,310.58,312.02,40781669,1575525600000
449,314.12,315.31,314.11,314.87,48956767,1575612000000
450,314.44,315.18,313.8,313.88,34904315,1575871200000
451,313.82,314.55,312.81,313.53,53107133,1575957600000
452,314.03,314.7,313.4393,314.42,53521450,1576044000000
453,314.43,317.99,314.17,317.13,96585802,1576130400000
454,316.87,318.67,316.02,317.32,81546487,1576216800000
455,319.22,320.15,317.2542,319.5,82836128,1576476000000
456,319.92,320.25,319.48,319.57,61131769,1576562400000
457,320.0,320.25,319.53,319.59,48199955,1576648800000
458,319.8,320.98,319.5246,320.9,85388424,1576735200000
459,320.46,321.9742,319.3873,320.73,149338220,1576821600000
460,321.59,321.65,321.06,321.22,53015641,1577080800000
461,321.47,321.52,320.9,321.23,20270007,1577167200000
462,321.65,322.95,321.64,322.94,31024188,1577340000000
463,323.74,323.8,322.28,322.86,42554820,1577426400000
464,322.95,323.1,320.55,321.08,49782730,1577685600000
465,320.53,322.13,320.15,321.86,57106998,1577772000000
466,323.54,324.89,322.53,324.87,59253833,1577944800000
467,321.16,323.64,321.1,322.41,77783121,1578031200000
468,320.49,323.73,320.36,323.64,55761948,1578290400000
469,323.02,323.54,322.24,322.73,42854811,1578376800000
470,322.94,325.78,322.67,324.45,68434153,1578463200000
471,326.16,326.73,325.52,326.65,48569601,1578549600000
472,327.2899,327.46,325.2,325.71,53057389,1578636000000
473,326.39,327.96,325.92,327.95,47262010,1578895200000
474,327.47,328.62,326.844,327.45,63036384,1578981600000
475,327.35,329.02,327.26,328.19,72056598,1579068000000
476,329.7,330.92,329.45,330.92,54050328,1579154400000
477,331.7,332.18,330.8539,331.95,95846017,1579240800000
478,330.9,332.18,330.82,331.3,77742415,1579586400000
479,332.24,332.95,331.17,331.34,48914899,1579672800000
480,330.63,332.1682,329.41,331.72,51962994,1579759200000
481,332.44,332.53,327.36,328.77,87578442,1579845600000
482,323.03,325.12,322.66,323.5,84062463,1580104800000
483,325.06,327.85,323.6038,326.89,63833953,1580191200000
484,328.38,328.63,326.4,326.62,54040889,1580277600000
485,324.36,327.91,323.54,327.68,75491844,1580364000000
486,327.0,327.17,320.73,321.73,113845576,1580450400000
487,323.35,326.16,323.22,324.12,69242293,1580709600000
488,328.07,330.01,327.72,329.06,62573190,1580796000000
489,332.27,333.09,330.67,332.86,65951146,1580882400000
490,333.91,334.19,332.8,333.98,50359688,1580968800000
491,332.82,333.9941,331.6,332.2,64139443,1581055200000
492,331.23,334.75,331.19,334.68,42070006,1581314400000
493,336.16,337.02,334.684,335.26,54864533,1581400800000
494,336.83,337.65,336.43,337.42,43992662,1581487200000
495,335.8621,338.12,335.56,337.06,54501922,1581573600000
496,337.51,337.73,336.2,337.6,64582210,1581660000000
497,336.51,337.6677,335.21,336.73,57342526,1582005600000
498,337.79,339.08,337.48,338.34,48814692,1582092000000
499,337.7423,338.64,333.6817,336.95,74163362,1582178400000
500,335.47,335.81,332.58,333.48,113788208,1582264800000
501,323.14,333.5623,321.24,322.42,161088409,1582524000000
502,323.94,324.61,311.69,312.65,218913168,1582610400000
503,314.18,318.11,310.7,311.5,194773819,1582696800000
504,305.46,311.5637,297.51,297.51,284353459,1582783200000
505,288.7,297.892,285.54,296.26,385764020,1582869600000
506,298.21,309.16,294.46,309.09,238703625,1583128800000
507,309.5,313.84,297.57,300.24,300139149,1583215200000
508,306.12,313.1,303.33,312.86,176613448,1583301600000
509,304.98,308.47,300.01,302.46,186366809,1583388000000
510,293.15,298.78,290.23,297.46,228667168,1583474400000
511,275.3,284.19,273.45,274.23,309417349,1583730000000
512,284.64,288.52,273.5,288.42,276444058,1583816400000
513,280.7,281.94,270.88,274.36,256416563,1583902800000
514,256.0,266.66,247.68,248.11,392220669,1583989200000
515,263.09,271.4754,248.5237,269.32,329566100,1584075600000
516,241.18,256.9,237.36,239.85,297240027,1584334800000
517,245.04,256.17,237.07,252.8,262070471,1584421200000
518,236.25,248.37,228.02,240.0,327597131,1584507600000
519,239.25,247.38,232.22,240.51,289322037,1584594000000
520,242.53,244.47,228.5,228.8,347158794,1584680400000
521,228.19,229.6833,218.26,222.95,326025169,1584939600000
522,234.42,244.1,233.8,243.15,235494475,1585026000000
523,244.87,256.35,239.75,246.79,299430255,1585112400000
524,249.52,262.8,249.05,261.2,257632816,1585198800000
525,253.27,260.81,251.05,253.42,224341217,1585285200000
526,255.7,262.43,253.53,261.65,170961866,1585544400000
527,260.56,263.33,256.22,257.75,194881060,1585630800000
528,247.98,257.6591,243.9,246.15,189554623,1585717200000
529,245.19,252.68,244.59,251.83,177660430,1585803600000
530,250.76,253.32,245.22,248.19,135561171,1585890000000
531,257.84,267.0,248.1698,264.86,188061238,1586149200000
532,274.21,275.03,264.89,265.13,201427189,1586235600000
533,267.96,276.0,265.2542,274.03,153774487,1586322000000
534,277.58,281.2,275.47,278.2,190282705,1586408400000
535,277.14,277.51,271.41,275.66,114839053,1586754000000
536,280.98,284.9,275.5106,283.79,134143350,1586840400000
537,277.57,283.9407,275.46,277.76,121775006,1586926800000
538,279.15,280.03,275.76,279.1,131798325,1587013200000
539,285.38,287.3,282.4,286.64,146684784,1587099600000
540,282.61,286.7912,281.35,281.59,100109285,1587358800000
541,276.73,278.04,272.02,273.04,126385698,1587445200000
542,278.35,281.0,276.91,279.1,93524584,1587531600000
543,280.49,283.94,278.75,279.08,104709693,1587618000000
544,280.73,283.7,278.5,282.97,85165953,1587704400000
545,285.12,288.27,284.62,287.05,77896608,1587963600000
546,291.02,291.4,285.4,285.73,105269985,1588050000000
547,291.53,294.88,290.41,293.21,118745579,1588136400000
548,291.71,293.3239,288.59,290.48,122901701,1588222800000
549,285.31,290.6572,281.52,282.79,125180028,1588309200000
550,280.74,283.9,279.13,283.57,80873213,1588568400000
551,286.64,289.25,283.7134,286.19,79569938,1588654800000
552,288.04,288.46,283.78,284.25,73632628,1588741200000
553,287.75,289.78,287.13,287.68,75250412,1588827600000
554,291.09,292.95,289.86,292.44,76622128,1588914000000
555,290.34,294.0,289.88,292.5,79514231,1589173200000
556,293.79,294.24,286.52,286.67,95870786,1589259600000
557,286.06,287.19,278.965,281.6,144721099,1589346000000
558,278.95,285.11,272.99,284.97,121977890,1589432400000
559,282.37,286.33,281.34,286.28,111146276,1589518800000
560,293.05,296.75,292.7,295.0,120320229,1589778000000
561,294.35,296.205,291.95,291.97,95189316,1589864400000
562,295.82,297.87,295.57,296.93,85861691,1589950800000
563,296.79,297.67,293.6886,294.88,78293925,1590037200000
564,294.57,295.63,293.22,295.44,63958200,1590123600000
565,301.93,302.19,295.4646,299.08,88951442,1590469200000
566,302.12,303.57,296.87,303.53,104817449,1590555600000
567,304.65,306.84,302.24,302.97,90767807,1590642000000
568,302.46,304.96,299.47,304.32,119265702,1590728400000
569,303.62,306.205,303.06,305.55,56779836,1590987600000
570,306.55,308.13,305.1,308.08,74267162,1591074000000
571,310.24,313.22,309.94,312.18,92567574,1591160400000
572,311.11,313.0,309.08,311.36,75794363,1591246800000
573,317.23,321.275,317.16,319.34,150524674,1591333200000
574,320.22,323.41,319.63,323.2,73641217,1591592400000
575,320.3,323.2849,319.36,320.79,77479228,1591678800000
576,321.42,322.39,318.2209,319.0,95000766,1591765200000
577,311.46,312.15,300.01,300.61,209243560,1591851600000
578,308.24,309.08,298.6,304.21,194678879,1591938000000
579,298.02,308.28,296.74,307.05,135782724,1592197200000
580,315.48,315.64,307.67,312.96,137627502,1592283600000
581,314.07,314.39,310.86,311.66,83398944,1592370000000
582,310.005,312.3,309.51,311.78,80828658,1592456400000
583,314.17,314.38,306.53,308.64,135549624,1592542800000
584,307.99,311.05,306.75,310.62,74649389,1592802000000
585,313.49,314.5,311.6101,312.05,68471246,1592888400000
586,309.84,310.51,302.1,304.09,132813492,1592974800000
587,303.47,307.64,301.28,307.35,89467968,1593061200000
588,306.16,306.39,299.42,300.05,127961017,1593147600000
589,301.41,304.61,298.93,304.46,79773260,1593406800000
590,303.99,310.2,303.82,308.36,113394772,1593493200000
591,309.57,311.89,309.07,310.52,72396542,1593579600000
592,314.24,315.7,311.51,312.23,69344217,1593666000000
593,316.37,317.68,315.56,317.05,61713828,1594011600000
594,315.38,317.52,313.37,313.78,82909963,1594098000000
595,314.61,316.3,312.7,316.18,54638596,1594184400000
596,316.84,317.1,310.68,314.38,83354158,1594270800000
597,314.31,317.88,312.76,317.59,57550365,1594357200000
598,320.13,322.71,314.13,314.84,102997484,1594616400000
599,313.3,319.76,312.0,318.92,93656951,1594702800000
600,322.41,323.04,319.265,321.85,87196524,1594789200000
601,319.79,321.28,319.09,320.79,54622520,1594875600000
602,321.88,322.57,319.735,321.72,62774911,1594962000000
603,321.43,325.13,320.62,324.32,56308849,1595221200000
604,326.45,326.93,323.94,325.01,57498967,1595307600000
605,324.62,327.2,324.5,326.86,57792915,1595394000000
606,326.47,327.23,321.48,322.96,75737989,1595480400000
607,320.95,321.99,319.246,320.88,73766597,1595566800000
608,321.63,323.41,320.775,323.22,48292970,1595826000000
609,322.43,323.64,320.85,321.17,57494979,1595912400000
610,322.12,325.73,322.075,325.12,48454159,1595998800000
611,321.9,324.41,319.64,323.96,61861714,1596085200000
612,325.9,326.63,321.33,326.52,85210755,1596171600000
613,328.32,329.62,327.73,328.79,53077948,1596430800000
614,327.86,330.06,327.86,330.06,41917893,1596517200000
615,331.47,332.39,331.18,332.11,42866354,1596603600000
616,331.4799,334.46,331.13,334.33,43679447,1596690000000
617,333.28,334.88,332.3,334.57,57308270,1596776400000
618,335.06,335.77,332.955,335.57,44282089,1597035600000
619,336.85,337.54,332.01,332.8,69601087,1597122000000
620,335.44,338.28,332.8377,337.44,53826128,1597208400000
621,336.61,338.2514,335.83,336.83,41816146,1597294800000
622,336.41,337.42,335.62,336.84,47260390,1597381200000
623,337.94,338.34,336.8517,337.91,35480974,1597640400000
624,338.34,339.1,336.61,338.64,38733908,1597726800000
625,339.05,339.61,336.62,337.23,68054244,1597813200000
626,335.36,338.8,335.22,338.28,42207826,1597899600000
627,337.92,339.72,337.55,339.48,55106628,1597986000000
628,342.12,343.0,339.4504,342.92,48588662,1598245200000
629,343.53,344.21,342.27,344.12,38463381,1598331600000
630,344.76,347.86,344.17,347.57,50790237,1598418000000
631,348.51,349.9,346.53,348.33,58034142,1598504400000
632,349.44,350.72,348.15,350.58,48588940,1598590800000
633,350.35,351.3,349.06,349.31,66099183,1598850000000
634,350.21,352.71,349.24,352.6,54999325,1598936400000
635,354.67,358.75,353.43,357.7,69540035,1599022800000
636,355.87,356.38,342.59,345.39,148011129,1599109200000
637,346.13,347.83,334.87,342.57,139156281,1599195600000
638,336.71,342.64,332.88,333.21,114465322,1599541200000
639,337.55,342.46,336.61,339.79,91462290,1599627600000
640,341.82,342.53,332.85,333.89,90569548,1599714000000
641,335.82,336.97,331.0,334.06,84680194,1599800400000
642,337.49,340.38,334.2208,338.46,65605686,1600059600000
643,341.12,342.02,338.4683,340.17,52920862,1600146000000
644,341.51,343.06,338.52,338.82,82211256,1600232400000
645,333.56,337.6996,332.991,335.84,91523339,1600318800000
646,335.37,335.49,327.97,330.65,105877942,1600405200000
647,325.7,327.13,321.73,326.97,99450829,1600664400000
648,328.57,330.9,325.86,330.3,63612107,1600750800000
649,330.9,331.2,322.1,322.64,93112240,1600837200000
650,321.22,326.797,319.8,323.5,76681332,1600923600000
651,322.58,329.58,321.64,328.73,71069426,1601010000000
652,333.22,334.96,332.15,334.19,64584614,1601269200000
653,333.97,334.77,331.6209,332.37,51531594,1601355600000
654,333.09,338.29,332.88,334.89,104081136,1601442000000
655,337.69,338.74,335.01,337.04,88698745,1601528400000
656,331.7,337.0126,331.19,333.84,89431112,1601614800000
657,336.06,339.96,336.01,339.76,45713108,1601874000000
658,339.91,342.17,334.38,334.93,90128883,1601960400000
659,338.12,341.63,338.09,340.76,56999597,1602046800000
660,342.85,343.85,341.86,343.78,45242476,1602133200000
661,345.56,347.35,344.89,346.85,59528606,1602219600000
662,349.59,354.02,349.06,352.43,80388533,1602478800000
663,352.28,352.4651,349.09,350.13,73255513,1602565200000
664,350.75,351.93,347.14,347.93,57958749,1602651600000
665,343.71,348.02,343.13,347.5,60357659,1602738000000
666,348.96,350.75,347.1,347.29,89501868,1602824400000
667,348.65,349.33,341.04,342.01,68425614,1603083600000
668,343.46,346.88,342.64,343.38,60051880,1603170000000
669,343.33,348.6847,342.4,342.73,63574979,1603256400000
670,342.96,345.24,340.65,344.61,55399292,1603342800000
671,345.93,345.99,343.13,345.78,49143931,1603429200000
672,342.13,342.98,335.62,339.39,91473002,1603688400000
673,339.76,340.12,337.99,338.22,65994108,1603774800000
674,332.1,338.2483,326.13,326.66,127094307,1603861200000
675,326.91,333.395,325.09,329.98,90597689,1603947600000
676,328.28,329.69,322.6,326.54,120448685,1604034000000
677,330.2,332.36,327.24,330.2,86068299,1604296800000
678,333.69,338.25,330.2935,336.03,93294192,1604383200000
679,340.86,347.94,339.59,343.54,126959700,1604469600000
680,349.24,352.19,348.86,350.24,82039749,1604556000000
681,349.93,351.51,347.65,350.16,74972973,1604642400000
682,363.97,364.38,354.06,354.56,172304203,1604901600000
683,353.49,355.18,350.51,354.04,85552022,1604988000000
684,356.4,357.56,355.06,356.67,58649048,1605074400000
685,355.58,356.7182,351.26,353.21,68118563,1605160800000
686,355.27,358.9,354.71,358.1,62959429,1605247200000
687,360.98,362.78,359.59,362.57,74541138,1605506400000
688,359.97,361.92,358.34,360.62,66111009,1605592800000
689,360.91,361.5,356.24,356.28,70591299,1605679200000
690,355.6,358.18,354.15,357.78,59940947,1605765600000
691,357.5,357.72,355.25,355.33,70411890,1605852000000
692,357.28,358.82,354.865,357.46,63230608,1606111200000
693,360.21,363.81,359.29,363.22,62415877,1606197600000
694,363.13,363.16,361.48,362.66,45330890,1606284000000
695,363.84,364.18,362.58,363.67,28514072,1606456800000
696,362.83,363.12,359.17,362.06,83872709,1606716000000
697,365.57,367.68,364.93,366.02,74504969,1606802400000
698,364.82,366.96,364.2,366.79,45927000,1606888800000
699,366.68,368.19,365.5,366.69,62881998,1606975200000
700,367.32,369.85,367.22,369.85,50749859,1607061600000
701,369.02,369.62,367.72,369.09,48944269,1607320800000
702,367.72,370.78,367.67,370.17,42458859,1607407200000
703,370.88,371.05,365.95,366.85,74098312,1607493600000
704,365.37,367.86,364.43,366.73,57735353,1607580000000
705,364.9,366.7402,363.26,366.3,57698614,1607666400000
706,368.64,369.8,364.47,364.66,69216174,1607925600000
707,367.4,369.59,365.92,369.59,64071099,1608012000000
708,369.82,371.16,368.8676,370.17,58420517,1608098400000
709,371.94,372.46,371.05,372.24,64119472,1608184800000
710,370.97,371.15,367.02,369.18,136542328,1608271200000
711,364.97,378.46,362.03,367.86,96386745,1608530400000
712,368.21,368.3317,366.03,367.24,48388462,1608616800000
713,368.28,369.62,367.2172,367.57,46201402,1608703200000
714,368.08,369.03,367.45,369.0,26457853,1608789600000
715,371.74,372.59,371.07,372.17,39000402,1609135200000
716,373.81,374.0,370.83,371.46,53680451,1609221600000
717,372.34,373.1,371.57,371.99,49455259,1609308000000
718,371.78,374.66,371.232,373.88,78520702,1609394400000
719,375.31,375.45,364.82,368.79,110210810,1609740000000
720,368.1,372.5,368.05,371.33,66426229,1609826400000
721,369.71,376.98,369.12,373.55,107997675,1609912800000
722,376.1,379.9,375.91,379.1,68766812,1609999200000
723,380.59,381.49,377.1,381.26,71677208,1610085600000
724,377.85,380.58,377.7189,378.69,51176719,1610344800000
725,378.89,379.86,376.36,378.77,52547716,1610431200000
726,378.69,380.86,377.85,379.79,45303619,1610517600000
727,380.59,381.13,378.1,378.46,49989113,1610604000000
728,376.72,377.58,373.7,375.7,107159962,1610690400000
729,378.34,379.23,376.75,378.65,51233300,1611036000000
730,381.11,384.79,380.69,383.89,61836062,1611122400000
731,384.49,384.95,383.25,384.24,47955809,1611208800000
732,382.25,384.1256,381.835,382.88,52136931,1611295200000
733,383.67,384.77,378.46,384.39,70401971,1611554400000
734,385.41,385.85,383.54,383.79,42665281,1611640800000
735,380.22,380.32,372.01,374.41,123351078,1611727200000
736,376.36,381.93,375.89,377.63,94198104,1611813600000
737,375.63,376.67,368.27,370.07,126765121,1611900000000
738,373.72,377.34,370.376,376.23,75817597,1612159200000
739,379.65,383.22,376.3181,381.55,64450662,1612245600000
740,382.435,383.7,380.48,381.85,52427090,1612332000000
741,382.96,386.24,381.9655,386.19,47142555,1612418400000
742,388.2,388.47,386.1444,387.71,48669773,1612504800000
743,389.27,390.56,388.35,390.51,38365185,1612764000000
744,389.61,390.89,389.17,390.25,35551059,1612850400000
745,392.12,392.28,387.5,390.08,59154370,1612936800000
746,391.24,391.69,388.1,390.71,42913288,1613023200000
747,389.85,392.9,389.77,392.64,50593270,1613109600000
748,393.96,394.17,391.53,392.3,50972366,1613455200000
749,390.42,392.66,389.33,392.39,52806681,1613541600000
750,389.59,391.515,387.74,390.72,59712773,1613628000000
751,392.07,392.38,389.55,390.03,83240971,1613714400000
752,387.06,389.62,386.74,387.03,67414170,1613973600000
753,384.66,388.945,380.2,387.5,107284127,1614060000000
754,386.33,392.23,385.27,391.77,72433946,1614146400000
755,390.41,391.88,380.7789,382.33,146670499,1614232800000
756,384.35,385.58,378.23,380.36,152701639,1614319200000
757,385.59,390.92,380.572,389.58,105348798,1614578400000
758,389.82,390.07,386.0,386.54,79595332,1614664800000
759,385.79,386.83,381.31,381.42,119940211,1614751200000
760,381.22,384.0,371.88,376.7,183433020,1614837600000
761,380.46,384.76,372.64,383.63,152039624,1614924000000
762,384.66,387.68,381.42,381.72,123149245,1615183200000
763,385.85,389.91,381.7299,387.17,113633556,1615269600000
764,389.69,391.4,388.1702,389.58,109899410,1615356000000
765,392.23,395.65,391.74,393.53,86245040,1615442400000
766,392.07,394.21,391.2,394.06,64653565,1615528800000
767,394.33,396.685,392.03,396.41,73592302,1615784400000
768,397.07,397.83,395.08,395.91,73722506,1615870800000
769,394.53,398.12,393.3,397.26,97959265,1615957200000
770,394.475,396.72,390.75,391.48,115349101,1616043600000
771,389.88,391.569,387.15,389.48,113624490,1616130000000
772,390.03,394.07,389.97,392.59,73778646,1616389200000
773,391.91,393.46,388.66,389.5,90686552,1616475600000
774,391.0,392.75,387.47,387.52,97588644,1616562000000
775,385.98,390.55,383.9,389.7,116128622,1616648400000
776,390.93,396.41,390.29,395.98,114409114,1616734800000
777,394.4,396.75,392.81,395.78,108107626,1616994000000
778,394.42,395.45,393.02,394.73,76262249,1617080400000
779,395.34,398.0,395.31,396.33,112734214,1617166800000
780,398.4,400.67,398.18,400.61,99682876,1617253200000
781,403.46,406.94,403.38,406.36,91684764,1617598800000
782,405.76,407.24,405.4,406.12,62020953,1617685200000
783,405.94,406.96,405.45,406.59,55836280,1617771600000
784,407.93,408.58,406.93,408.52,57863114,1617858000000
785,408.39,411.67,408.26,411.49,61104559,1617944400000
786,410.85,411.93,410.2,411.64,56704899,1618203600000
787,411.53,413.529,411.12,412.86,56550988,1618290000000
788,412.83,413.96,410.87,411.45,61659907,1618376400000
789,413.74,416.16,413.69,415.87,60229842,1618462800000
790,417.25,417.91,415.73,417.26,82037278,1618549200000
791,416.26,416.74,413.79,415.21,78498496,1618808400000
792,413.91,415.0859,410.59,412.17,81851828,1618894800000
793,411.51,416.29,411.36,416.07,66792983,1618981200000
794,415.89,416.78,411.13,412.27,97582788,1619067600000
795,412.87,418.25,412.79,416.74,73276195,1619154000000
796,417.44,418.22,416.8111,417.61,52182392,1619413200000
797,417.93,418.14,416.3,417.52,51303056,1619499600000
798,417.81,419.01,416.9,417.4,51238854,1619586000000
799,420.32,420.72,416.44,420.06,78544329,1619672400000
800,417.63,418.54,416.34,417.3,85527030,1619758800000
801,419.43,419.84,417.665,418.2,68128289,1620018000000
802,416.07,416.6,411.67,415.62,101591166,1620104400000
803,417.38,417.63,414.94,415.75,39960661,1620190800000
804,415.83,419.21,413.675,419.07,74321368,1620277200000
805,419.89,422.815,419.16,422.12,67733790,1620363600000
806,422.5,422.74,417.81,417.94,81852446,1620622800000
807,413.1,415.27,410.06,414.21,116887975,1620709200000
808,411.23,412.59,404.0,405.41,134811046,1620795600000
809,407.07,412.35,407.02,410.28,106393963,1620882000000
810,413.21,417.49,413.18,416.58,82201629,1620968400000
811,415.39,416.39,413.36,415.52,65129221,1621227600000
812,415.8,416.06,411.77,411.94,59810238,1621314000000
813,406.92,411.05,405.33,410.86,106467052,1621400400000
814,411.8,416.625,411.67,415.28,78022218,1621486800000
815,416.87,418.2,414.45,414.94,76578662,1621573200000
816,417.34,420.32,417.08,419.17,51376702,1621832400000
817,420.33,420.71,417.62,418.24,57451396,1621918800000
818,418.87,419.61,417.76,419.07,43088618,1622005200000
819,420.17,420.72,418.9851,419.29,56707677,1622091600000
820,420.97,421.25,419.79,420.04,58520164,1622178000000
821,422.57,422.72,419.2,419.67,54216625,1622523600000
822,420.37,421.23,419.29,420.33,49097061,1622610000000
823,417.85,419.99,416.28,418.77,58138763,1622696400000
824,420.75,422.92,418.8422,422.6,55938789,1622782800000
825,422.59,422.78,421.19,422.19,51555032,1623042000000
826,423.11,423.21,420.32,422.28,47134279,1623128400000
827,423.18,423.26,421.41,421.65,48436342,1623214800000
828,422.96,424.63,421.55,423.61,51020147,1623301200000
829,424.2,424.43,422.82,424.31,45570828,1623387600000
830,424.43,425.37,423.1,425.26,42358478,1623646800000
831,425.42,425.46,423.54,424.48,51508508,1623733200000
832,424.63,424.87,419.92,422.11,80386082,1623819600000
833,421.67,423.02,419.32,421.97,90949659,1623906000000
834,417.09,417.8281,414.7,414.92,118676302,1623992400000
835,416.8,421.06,415.93,420.86,72822028,1624251600000
836,420.85,424.0,420.08,423.11,57700303,1624338000000
837,423.19,424.05,422.51,422.6,49445414,1624424400000
838,424.89,425.55,424.62,425.1,45110288,1624510800000
839,425.9,427.0943,425.55,426.61,58129525,1624597200000
840,427.17,427.65,425.89,427.47,53159581,1624856400000
841,427.88,428.56,427.13,427.7,35970515,1624942800000
842,427.21,428.78,427.18,428.06,64827858,1625029200000
843,428.87,430.6,428.8,430.43,53441027,1625115600000
844,431.67,434.1,430.5218,433.72,57697668,1625202000000
845,433.78,434.01,430.01,432.93,68710419,1625547600000
846,433.66,434.76,431.51,434.46,63549456,1625634000000
847,428.78,431.73,427.52,430.92,97595232,1625720400000
848,432.53,435.84,430.714,435.52,76238584,1625806800000
849,435.43,437.35,434.97,437.08,52889585,1626066000000
850,436.24,437.84,435.31,435.59,52911312,1626152400000
851,437.4,437.92,434.91,436.24,64130352,1626238800000
852,434.81,435.53,432.72,434.75,55126358,1626325200000
853,436.01,436.06,430.92,431.34,75874662,1626411600000
854,426.19,431.4089,421.97,424.97,147987000,1626670800000
855,425.68,432.42,424.83,431.06,99608174,1626757200000
856,432.34,434.7,431.0111,434.55,64724389,1626843600000
857,434.74,435.72,433.69,435.46,47878539,1626930000000
858,437.52,440.3,436.79,439.94,63766637,1627016400000
859,439.31,441.03,439.26,441.02,43719187,1627275600000
860,439.91,439.94,435.99,439.01,67397137,1627362000000
861,439.68,440.3,437.31,438.83,52472360,1627448400000
862,439.815,441.8,439.81,440.65,47435342,1627534800000
863,437.91,440.06,437.77,438.51,68951202,1627621200000
864,440.34,440.93,437.21,437.59,58783297,1627880400000
865,438.44,441.28,436.1,441.15,58053896,1627966800000
866,439.78,441.1243,438.73,438.98,46732212,1628053200000
867,440.22,441.85,439.88,441.76,38969659,1628139600000
868,442.1,442.94,441.8,442.49,46930008,1628226000000
869,442.46,442.795,441.31,442.13,41222585,1628485200000
870,442.61,443.44,441.88,442.68,43339275,1628571600000
871,443.82,443.882,442.62,443.78,44034340,1628658000000
872,443.62,445.2572,442.66,445.11,38942418,1628744400000
873,445.59,445.94,445.07,445.92,39470251,1628830800000
874,444.53,447.11,442.87,446.97,73930864,1629090000000
875,444.24,444.96,440.85,444.04,92673933,1629176400000
876,442.96,444.625,438.92,439.18,89351931,1629262800000
877,436.27,441.14,436.12,439.86,92812246,1629349200000
878,440.23,443.71,439.71,443.36,72008712,1629435600000
879,445.16,448.23,443.4355,447.26,54973038,1629694800000
880,447.97,448.54,447.42,447.97,38744714,1629781200000
881,448.17,449.457,447.77,448.91,40529711,1629867600000
882,448.61,448.86,446.16,446.26,57829572,1629954000000
883,447.12,450.65,447.06,450.25,77235113,1630040400000
884,450.97,453.07,450.71,452.23,48357355,1630299600000
885,452.13,452.49,450.92,451.56,59300213,1630386000000
886,452.56,453.11,451.545,451.8,48721378,1630472400000
887,453.32,454.05,451.91,453.19,42830867,1630558800000
888,451.98,453.63,451.55,453.08,47234364,1630645200000
889,452.71,452.81,450.7423,451.46,51671534,1630990800000
890,450.89,451.67,448.86,450.91,56181907,1631077200000
891,450.7,452.57,448.72,448.98,57970407,1631163600000
892,451.04,451.49,445.31,445.44,89948174,1631250000000
893,448.64,448.92,444.11,446.58,83738649,1631509200000
894,448.12,448.34,443.22,444.17,78197140,1631595600000
895,444.62,448.41,443.44,447.88,78792222,1631682000000
896,447.32,448.36,444.02,447.17,77786735,1631768400000
897,444.92,445.37,441.02,441.4,118425037,1631854800000
898,434.88,436.56,428.86,434.04,166445534,1632114000000
899,436.53,437.91,433.07,433.63,92526112,1632200400000
900,436.05,440.03,433.747,437.86,102350143,1632286800000
901,439.85,444.89,439.6,443.18,76395981,1632373200000
902,441.44,444.67,441.21,443.91,62094837,1632459600000
903,442.81,444.05,441.9,442.64,61371108,1632718800000
904,439.69,440.04,432.94,433.72,130436306,1632805200000
905,435.19,437.04,433.85,434.45,82329213,1632891600000
906,436.02,436.77,428.78,429.14,140505979,1632978000000
907,430.98,436.0329,427.23,434.24,129240106,1633064400000
908,433.0,433.96,426.36,428.64,128569957,1633323600000
909,430.24,435.49,429.39,433.1,90682520,1633410000000
910,429.27,435.1199,427.54,434.9,113032245,1633496400000
911,438.39,441.68,438.2,438.66,72437499,1633582800000
912,439.48,439.89,437.19,437.86,74557404,1633669200000
913,437.16,440.26,434.62,434.69,65233285,1633928400000
914,435.67,436.1,432.78,433.62,71181163,1634014800000
915,434.71,436.05,431.54,435.18,72973979,1634101200000
916,439.08,442.66,438.58,442.5,70236825,1634187600000
917,444.75,446.26,444.09,445.87,66260210,1634274000000
918,443.97,447.55,443.27,447.19,62213228,1634533200000
919,448.92,450.71,448.27,450.64,46996827,1634619600000
920,451.13,452.732,451.01,452.41,49571569,1634706000000
921,451.77,453.829,451.31,453.59,41305438,1634792400000
922,453.13,454.67,451.05,453.12,58845088,1634878800000
923,454.28,455.9,452.39,455.55,45214507,1635138000000
924,457.2,458.49,455.56,455.96,56075116,1635224400000
925,456.45,457.16,453.86,453.94,72437997,1635310800000
926,455.46,458.4,455.45,458.32,51437944,1635397200000
927,455.87,459.56,455.56,459.25,70162424,1635483600000
928,460.3,460.7021,458.2,460.04,48433642,1635742800000
929,460.22,462.23,460.08,461.9,48908417,1635829200000
930,461.3,465.15,460.83,464.72,52509825,1635915600000
931,465.36,467.0,464.99,466.91,52847087,1636002000000
932,469.28,470.65,466.92,468.53,66390563,1636088400000
933,469.7,470.23,468.2031,468.93,50405194,1636351200000
934,469.32,469.57,465.88,467.38,51149147,1636437600000
935,465.58,467.38,462.04,463.62,69429653,1636524000000
936,465.21,465.29,463.75,463.77,34848495,1636610400000
937,465.12,467.86,464.11,467.27,53466654,1636696800000
938,468.64,468.81,466.23,467.43,46980500,1636956000000
939,467.15,470.485,467.07,469.28,48857502,1637042400000
940,469.0,469.19,467.48,468.14,47858289,1637128800000
941,469.24,470.01,466.34,469.73,50625607,1637215200000
942,469.61,470.94,468.5,468.89,57315573,1637301600000
943,470.89,473.54,467.35,467.57,72761954,1637560800000
944,467.22,469.095,464.45,468.19,73206538,1637647200000
945,466.06,469.57,465.19,469.44,61858813,1637733600000
946,462.34,463.9,457.77,458.97,112669636,1637906400000
947,464.07,466.56,461.73,464.6,86268818,1638165600000
948,462.0,464.03,455.3,455.56,148559598,1638252000000
949,461.64,464.67,450.29,450.5,132485835,1638338400000
950,450.73,459.07,450.31,457.4,127637758,1638424800000
951,459.17,460.3,448.92,453.42,137331647,1638511200000
952,456.13,460.79,453.56,458.79,98977532,1638770400000
953,464.41,468.88,458.6546,468.28,95484688,1638856800000
954,468.7,470.0,466.83,469.52,72238777,1638943200000
955,468.15,469.6291,466.14,466.35,61272568,1639029600000
956,469.23,470.9,466.51,470.74,77159757,1639116000000
957,470.19,470.56,466.27,466.57,87724680,1639375200000
958,463.09,465.74,460.25,463.36,97264128,1639461600000
959,463.42,470.86,460.74,470.6,116899251,1639548000000
960,472.57,472.87,464.8,466.45,116568626,1639634400000
961,461.55,464.74,458.06,459.87,135636510,1639720800000
962,454.48,455.4,451.14,454.98,107134822,1639980000000
963,458.61,463.21,456.31,463.06,69806260,1640066400000
964,462.79,467.81,462.58,467.69,58890223,1640152800000
965,468.75,472.19,468.64,470.6,56439745,1640239200000
966,472.06,477.31,472.01,477.26,56808619,1640584800000
967,477.72,478.81,476.06,476.87,47274585,1640671200000
968,476.98,478.56,475.92,477.48,54502964,1640757600000
969,477.93,479.0,475.67,476.16,55329041,1640844000000
970,475.64,476.86,474.67,474.96,65237431,1640930400000
971,476.3,477.85,473.85,477.71,72668233,1641189600000
972,479.22,479.98,475.58,477.55,71178678,1641276000000
973,477.16,477.98,468.2801,468.38,104538940,1641362400000
974,467.89,470.82,465.43,467.94,86858900,1641448800000
975,467.95,469.2,464.65,466.09,85111593,1641535200000
976,462.7,465.74,456.5973,465.51,119361989,1641794400000
977,465.23,469.85,462.05,469.75,74303062,1641880800000
978,471.59,473.2,468.94,471.02,67605444,1641967200000
979,472.19,472.88,463.44,464.53,91173121,1642053600000
980,461.19,465.09,459.9,464.72,95890948,1642140000000
981,459.74,459.96,455.31,456.49,109872376,1642485600000
982,458.13,459.6124,451.46,451.75,109357569,1642572000000
983,453.75,458.74,444.5,446.75,122379696,1642658400000
984,445.56,448.06,437.95,437.98,202271241,1642744800000
985,432.03,440.38,420.76,439.84,252496719,1643004000000
986,433.06,439.72,427.15,434.47,167997325,1643090400000
987,440.72,444.04,428.86,433.38,186391088,1643176800000
988,438.26,441.59,429.45,431.24,149878307,1643263200000
989,432.68,442.0,427.82,441.95,164457370,1643349600000
990,441.24,450.28,439.81,449.91,152251425,1643608800000
991,450.68,453.63,446.9384,452.95,123155382,1643695200000
992,455.5,458.12,453.05,457.35,117360953,1643781600000
993,450.95,452.97,445.71,446.6,118024442,1643868000000
994,446.35,452.78,443.83,448.7,118454352,1643954400000
995,449.51,450.99,445.85,447.26,84472859,1644213600000
996,446.73,451.92,445.22,450.94,81012036,1644300000000
997,455.22,457.88,455.005,457.54,92589929,1644386400000
998,451.34,457.71,447.2,449.32,140103712,1644472800000
999,449.41,451.605,438.94,440.46,153214597,1644559200000
1000,439.92,441.6,435.34,439.02,123006262,1644818400000
1001,443.73,446.28,443.18,446.1,88659503,1644904800000
1002,443.93,448.055,441.94,446.6,84863585,1644991200000
1003,443.22,446.5652,436.42,437.06,102259108,1645077600000
1004,437.33,438.66,431.82,434.23,132642896,1645164000000
1005,431.89,435.5,425.86,429.57,124391830,1645509600000
1006,432.66,433.26,421.35,421.95,132578005,1645596000000
1007,411.02,428.76,410.64,428.3,213942946,1645682400000
1008,429.61,437.84,427.86,437.75,121804459,1645768800000
1009,432.03,438.2,430.7,436.63,145615029,1646028000000
1010,435.04,437.17,427.11,429.98,137785908,1646114400000
1011,432.37,439.72,431.57,437.89,117726525,1646200800000
1012,440.47,441.11,433.8,435.71,105501715,1646287200000
1013,431.75,433.37,427.88,432.17,114083256,1646373600000
1014,431.55,432.3018,419.36,419.43,137896560,1646632800000
1015,419.62,427.21,415.12,416.25,164772744,1646719200000
1016,425.14,429.51,422.82,427.41,116990765,1646805600000
1017,422.52,426.43,420.44,425.48,93972655,1646892000000
1018,428.12,428.77,419.53,420.07,95636277,1646978400000
1019,420.89,424.55,415.79,417.0,95729188,1647234000000
1020,419.77,426.84,418.42,426.17,106219117,1647320400000
1021,429.89,435.68,424.8,435.62,144954805,1647406800000
1022,433.59,441.07,433.19,441.07,102676870,1647493200000
1023,438.0,444.86,437.22,444.52,106345544,1647579600000
1024,444.34,446.46,440.68,444.39,88349763,1647838800000
1025,445.86,450.58,445.86,449.59,74650394,1647925200000
1026,446.91,448.49,443.71,443.8,79426098,1648011600000
1027,445.94,450.5,444.76,450.49,64736892,1648098000000
1028,451.16,452.98,448.43,452.69,77101324,1648184400000
1029,452.06,455.91,450.06,455.91,68529767,1648443600000
1030,460.02,462.07,457.18,461.55,86581542,1648530000000
1031,460.34,461.195,456.465,458.7,79666942,1648616400000
1032,457.89,458.76,451.16,451.64,121699948,1648702800000
1033,453.31,453.46,449.14,452.92,89048773,1648789200000
1034,453.13,456.91,452.26,456.8,59601000,1649048400000
1035,455.22,457.83,449.82,451.03,74214501,1649134800000
1036,446.89,448.93,443.47,446.52,106897970,1649221200000
1037,445.59,450.69,443.53,448.77,78097214,1649307600000
1038,447.97,450.63,445.94,447.57,79272711,1649394000000
1039,444.11,445.0,439.39,439.92,89770538,1649653200000
1040,443.08,445.75,436.6501,438.29,84363635,1649739600000
1041,438.03,444.11,437.84,443.31,74070394,1649826000000
1042,443.55,444.7301,437.68,437.79,97869451,1649912400000
1043,436.81,439.75,435.61,437.97,66002498,1650258000000
1044,437.86,445.8,437.68,445.04,77821013,1650344400000
1045,446.92,447.57,443.48,444.71,65224449,1650430800000
1046,448.54,450.01,437.1,438.06,85417327,1650517200000
1047,436.91,438.0825,425.44,426.04,132471772,1650603600000
1048,423.67,428.69,418.84,428.51,119647748,1650862800000
1049,425.83,426.04,416.07,416.1,103996312,1650949200000
1050,417.24,422.92,415.01,417.27,122029990,1651035600000
1051,422.29,429.64,417.6,427.81,105449088,1651122000000
1052,423.59,425.87,411.21,412.0,145491088,1651208400000
1053,412.07,415.92,405.02,414.48,158312526,1651467600000
1054,415.01,418.93,413.36,416.38,100028190,1651554000000
1055,417.08,429.66,413.7099,429.06,144247895,1651640400000
1056,424.55,425.0,409.44,413.81,172929106,1651726800000
1057,411.1,414.8,405.73,411.34,151770811,1651813200000
1058,405.1,406.41,396.5,398.17,155586067,1652072400000
1059,404.49,406.08,394.82,399.09,132497200,1652158800000
1060,398.07,404.04,391.96,392.75,142360992,1652245200000
1061,389.37,395.8,385.15,392.34,125090753,1652331600000
1062,396.71,403.18,395.61,401.72,104174421,1652418000000
1063,399.98,403.97,397.6,400.09,78622444,1652677200000
1064,406.53,408.57,402.5824,408.32,83029710,1652763600000
1065,403.5,403.8,390.55,391.86,117674545,1652850000000
1066,388.62,394.14,387.11,389.46,98510715,1652936400000
1067,393.25,397.03,380.54,389.63,131432197,1653022800000
1068,392.83,397.73,390.38,396.92,76414878,1653282000000
1069,392.56,395.15,386.96,393.89,91448831,1653368400000
1070,392.31,399.45,391.89,397.37,91472866,1653454800000
1071,398.67,407.04,398.45,405.31,82168339,1653541200000
1072,407.91,415.3801,407.7,415.26,84768710,1653627600000
1073,413.55,416.46,410.03,412.93,95936980,1653973200000
1074,415.17,416.24,406.93,409.59,86585813,1654059600000
1075,409.42,417.44,407.04,417.39,79609633,1654146000000
1076,412.4,414.04,409.51,410.54,71874281,1654232400000
1077,414.78,416.609,410.5523,411.79,57508858,1654491600000
1078,408.1,416.22,407.61,415.74,59272373,1654578000000
1079,413.93,415.82,410.38,411.22,64349966,1654664400000
1080,409.34,411.74,401.44,401.44,86289796,1654750800000
1081,394.88,395.7777,389.75,389.8,132893864,1654837200000
1082,379.85,381.81,373.3,375.0,170004861,1655096400000
1083,376.85,377.94,370.59,373.87,104011831,1655182800000
1084,377.36,383.9,372.12,379.2,125666797,1655269200000
1085,370.51,370.94,364.0799,366.65,134473288,1655355600000
1086,365.51,369.38,362.17,365.86,111113904,1655442000000
1087,371.89,376.525,371.81,375.07,76811861,1655787600000
1088,370.62,378.72,370.18,374.39,90059424,1655874000000
1089,376.64,378.83,372.89,378.06,79292135,1655960400000
1090,381.4,390.09,381.365,390.08,98050333,1656046800000
1091,391.05,391.36,387.44,388.59,66009617,1656306000000
1092,390.23,393.16,380.53,380.65,86689824,1656392400000
1093,381.23,382.27,378.42,380.34,65675999,1656478800000
1094,376.24,380.6582,372.56,377.25,112508273,1656565200000
1095,376.56,381.7,373.8,381.24,74839729,1656651600000
1096,375.88,381.98,372.9,381.96,81437965,1656997200000
1097,382.11,385.87,379.6,383.25,70426244,1657083600000
1098,385.12,389.83,383.267,388.99,64525919,1657170000000
1099,387.27,390.64,385.66,388.67,72397765,1657256400000
1100,385.85,386.87,383.5,384.23,58366945,1657515600000
1101,383.65,386.16,378.99,380.83,62219178,1657602000000
1102,375.1,381.92,374.658,378.83,84224649,1657688400000
1103,373.61,379.0498,371.04,377.91,89704819,1657774800000
1104,382.55,385.25,380.54,385.13,79060383,1657861200000
1105,388.38,389.09,380.66,381.95,63203626,1658120400000
1106,386.08,392.87,385.39,392.27,78505972,1658206800000
1107,392.47,396.26,391.03,394.77,71843769,1658293200000
1108,394.16,398.84,391.63,398.79,64903856,1658379600000
1109,398.92,400.18,392.75,395.09,72197332,1658466000000
1110,395.75,396.47,393.21,395.57,53631485,1658725200000
1111,393.84,394.06,389.95,390.89,52946393,1658811600000
1112,394.36,402.88,394.05,401.04,82342106,1658898000000
1113,401.89,406.8,398.15,406.07,73966563,1658984400000
1114,407.58,413.03,406.77,411.99,87003672,1659070800000
1115,409.15,413.41,408.4,410.77,69997471,1659330000000
1116,409.12,413.0,406.82,408.06,63435418,1659416400000
1117,410.3,415.68,410.0,414.45,67820555,1659502800000
1118,414.37,415.09,412.44,414.17,45656574,1659589200000
1119,409.66,414.15,409.6,413.47,56814929,1659675600000
1120,415.25,417.62,411.83,412.99,54025965,1659934800000
1121,412.22,412.75,410.22,411.35,44931772,1660021200000
1122,418.78,420.14,416.72,419.99,68665712,1660107600000
1123,422.99,424.95,419.21,419.99,59489704,1660194000000
1124,422.03,427.21,421.03,427.1,61694542,1660280400000
1125,424.765,429.41,424.71,428.86,54048280,1660539600000
1126,427.73,431.73,426.88,429.7,59289039,1660626000000
1127,425.91,429.5,424.54,426.65,63563394,1660712400000
1128,426.86,428.61,425.5,427.89,49023206,1660798800000
1129,424.98,425.26,421.22,422.14,68016902,1660885200000
1130,417.05,417.23,412.4,413.35,77695640,1661144400000
1131,412.9,415.42,411.77,412.35,49105249,1661230800000
1132,412.11,415.1101,411.39,413.67,49177804,1661317200000
1133,415.24,419.56,414.09,419.51,50942252,1661403600000
1134,419.39,419.96,405.25,405.31,103086976,1661490000000
1135,402.2,405.84,401.1999,402.63,65370810,1661749200000
1136,403.85,404.1,396.0,398.21,85652443,1661835600000
1137,399.93,401.24,395.04,395.18,76029671,1661922000000
1138,392.89,396.78,390.04,396.42,78740084,1662008400000
1139,400.28,401.555,390.33,392.24,99632149,1662094800000
1140,393.13,394.12,388.42,390.76,76637400,1662440400000
1141,390.43,398.59,390.2,397.78,70964232,1662526800000
1142,395.39,400.86,394.12,400.38,80821681,1662613200000
1143,402.74,407.51,402.46,406.6,76706918,1662699600000
1144,408.78,411.73,408.46,410.97,69256262,1662958800000
1145,401.83,403.1,391.92,393.1,122947081,1663045200000
1146,394.47,396.2,391.12,394.6,85023747,1663131600000
1147,392.96,395.96,388.78,390.12,87633840,1663218000000
1148,384.14,386.25,382.11,385.56,103084819,1663304400000
1149,382.26,388.55,382.1784,388.55,73278490,1663563600000
1150,385.06,386.12,381.195,384.09,77274882,1663650000000
1151,386.11,389.31,377.38,377.39,106746554,1663736400000
1152,376.58,378.3,373.44,374.22,89472641,1663822800000
1153,370.58,370.62,363.29,367.95,122346933,1663909200000
1154,366.41,370.21,363.0299,364.31,92581244,1664168400000
1155,368.02,370.4,360.87,363.38,108294074,1664254800000
1156,364.38,372.3,362.6,370.53,110802217,1664341200000
1157,366.81,367.11,359.7,362.79,112952315,1664427600000
1158,361.8,365.91,357.04,357.18,153711243,1664514000000
1159,361.08,368.55,359.21,366.61,89756479,1664773200000
1160,372.4,378.0,366.5677,377.97,103602775,1664859600000
1161,373.39,379.46,370.95,377.09,88065669,1664946000000
1162,375.62,378.72,372.68,373.2,82333543,1665032400000
1163,368.97,373.2933,360.94,362.79,107789498,1665118800000
1164,363.96,364.21,357.67,360.02,76042765,1665378000000
1165,358.235,363.03,355.71,357.74,92482785,1665464400000
1166,358.17,359.8179,356.3,356.56,76991799,1665550800000
1167,349.205,367.51,348.11,365.97,147254518,1665637200000
1168,368.55,370.26,356.96,357.63,123737013,1665723600000
1169,364.01,367.9799,357.2808,366.82,93168231,1665982800000
1170,375.13,375.45,367.52,371.13,97162850,1666069200000
1171,368.99,371.85,365.55,368.5,79746863,1666155600000
1172,368.03,372.67,364.61,365.41,88283087,1666242000000
1173,365.12,374.8,363.54,374.29,131038379,1666328400000
1174,375.89,380.06,373.11,378.87,85436907,1666587600000
1175,378.79,385.25,378.671,384.92,78846348,1666674000000
1176,381.62,387.58,381.35,382.02,104087348,1666760400000
1177,383.07,385.0,379.33,379.98,81971756,1666846800000
1178,379.87,389.52,379.68,389.02,100301958,1666933200000
1179,386.44,388.4,385.26,386.21,96631258,1667192400000
1180,390.14,390.39,383.29,384.52,85407598,1667278800000
1181,383.9,388.63,374.76,374.87,126990356,1667365200000
1182,371.465,374.2,368.79,371.01,87100115,1667451600000
1183,377.0,378.87,370.0,376.35,103505182,1667538000000
1184,377.71,380.57,375.53,379.95,68286947,1667800800000
1185,381.11,385.12,377.72,382.0,84641062,1667887200000
1186,379.93,381.14,373.61,374.13,78495470,1667973600000
1187,388.05,395.04,385.642,394.69,141455847,1668060000000
1188,395.59,399.35,393.61,398.51,93839872,1668146400000
1189,396.66,400.1799,394.83,395.12,71893165,1668405600000
1190,401.15,402.31,394.49,398.49,93194452,1668492000000
1191,396.78,397.78,394.79,395.45,68508454,1668578400000
1192,390.46,394.95,390.14,394.24,74496255,1668664800000
1193,397.74,397.81,393.04,396.03,92922451,1668751200000
1194,394.64,395.82,392.66,394.59,51243189,1669010400000
1195,396.63,400.07,395.1527,399.9,60429025,1669096800000
1196,399.55,402.93,399.31,402.42,68261628,1669183200000
1197,401.83,402.91,401.535,402.33,30545434,1669356000000
1198,399.09,400.81,395.11,395.91,68021749,1669615200000
1199,396.05,397.3,393.3,395.23,52310039,1669701600000
1200,395.49,407.68,393.48,407.68,144566653,1669788000000
1201,408.77,410.0,404.75,407.38,76398170,1669874400000
1202,402.25,407.86,402.14,406.91,85342731,1669960800000
1203,403.95,404.93,398.17,399.59,77289815,1670220000000
1204,399.42,399.99,391.64,393.83,77972217,1670306400000
1205,392.94,395.64,391.97,393.16,65927896,1670392800000
1206,395.14,397.36,393.2684,396.24,60737912,1670479200000
1207,394.94,397.62,393.15,393.28,81447733,1670565600000
1208,394.11,398.95,393.412,398.95,75405835,1670824800000
1209,410.22,410.49,399.07,401.97,123782534,1670911200000
1210,401.61,405.5,396.31,399.4,108111349,1670997600000
1211,394.3,395.25,387.885,389.63,117705889,1671084000000
1212,385.18,386.575,381.04,383.27,119857952,1671170400000
1213,383.47,383.82,378.28,380.02,79878103,1671429600000
1214,379.23,382.23,377.85,380.54,74427240,1671516000000
1215,383.25,387.41,382.69,386.23,78167369,1671602400000
1216,383.05,386.2134,374.77,380.72,100120855,1671688800000
1217,379.65,383.06,378.03,382.91,59857329,1671775200000
1218,382.79,383.15,379.65,381.4,51638180,1672120800000
1219,381.33,383.39,376.42,376.66,70911520,1672207200000
1220,379.63,384.35,379.08,383.44,66970877,1672293600000
1221,380.64,382.58,378.43,382.43,84022205,1672380000000
1222,384.37,386.43,377.831,380.82,74850731,1672725600000
1223,383.18,385.88,380.0,383.76,85934098,1672812000000
1224,381.72,381.84,378.76,379.38,76970456,1672898400000
1225,382.61,389.25,379.4127,388.08,104189603,1672984800000
1226,390.37,393.7,387.67,387.86,73978071,1673244000000
1227,387.25,390.65,386.27,390.58,65358094,1673330400000
1228,392.23,395.6,391.38,395.52,68881080,1673416800000
1229,396.67,398.485,392.42,396.96,90157699,1673503200000
1230,393.62,399.1,393.34,398.5,63903932,1673589600000
1231,398.48,400.23,397.06,397.77,62677281,1673935200000
1232,399.01,400.12,391.28,391.49,99632262,1674021600000
1233,389.36,391.08,387.26,388.64,86958919,1674108000000
1234,390.1,396.04,388.38,395.88,91806356,1674194400000
1235,396.72,402.645,395.72,400.63,84178797,1674453600000
1236,398.88,401.15,397.64,400.2,59524911,1674540000000
1237,395.95,400.7,393.56,400.35,84800251,1674626400000
1238,403.13,404.92,400.03,404.75,72287425,1674712800000
1239,403.655,408.16,403.44,405.68,68346180,1674799200000
1240,402.8,405.13,400.28,400.59,74202018,1675058400000
1241,401.13,406.53,400.77,406.48,86811786,1675144800000
1242,405.211,413.67,402.35,410.8,101459155,1675231200000
1243,414.86,418.31,412.88,416.78,101654463,1675317600000
1244,411.59,416.97,411.09,412.35,94736781,1675404000000
1245,409.79,411.29,408.1,409.83,60295325,1675663200000
1246,408.87,416.49,407.57,415.19,90990745,1675749600000
1247,413.13,414.53,409.93,410.65,76227462,1675836000000
1248,414.41,414.57,405.81,407.09,78694859,1675922400000
1249,405.86,408.44,405.01,408.04,70769715,1676008800000
1250,408.72,412.97,408.24,412.83,64913539,1676268000000
1251,411.24,415.05,408.511,412.64,88389313,1676354400000
1252,410.35,414.06,409.47,413.98,61685279,1676440800000
1253,408.79,412.91,408.14,408.28,76431469,1676527200000
1254,406.06,407.51,404.05,407.26,89257815,1676613600000
1255,403.06,404.16,398.82,399.09,82655924,1676959200000
1256,399.52,401.13,397.02,398.54,83742293,1677045600000
1257,401.56,402.2,396.25,400.66,96242399,1677132000000
1258,395.42,397.25,393.64,396.38,108194413,1677218400000
